[
    {
        "province": "北京",
        "values": [
            {
                "city": "北京市",
                "lng": 116.38,
                "lat": 39.92
            }
        ]
    }, {
        "province": "天津",
        "values": [
            {
                "city": "天津市",
                "lng": 117.20,
                "lat": 39.13
            }
        ]
    }, {
        "province": "上海",
        "values": [
            {
                "city": "上海市",
                "lng": 121.29,
                "lat": 32.14
            }
        ]
    }, {
        "province": "台湾省",
        "values": [
            {
                "city": "台北市",
                "lng": 121.99,
                "lat": 24.10
            },
            {
                "city": "台中市",
                "lng": 121.50,
                "lat": 25.07
            },
            {
                "city": "台南市",
                "lng": 121.50,
                "lat": 25.07
            },
            {
                "city": "高雄市",
                "lng": 121.98,
                "lat": 24.10
            },
            {
                "city": "新北市",
                "lng": 121.97,
                "lat": 24.10
            },
            {
                "city": "桃园市",
                "lng": 121.97,
                "lat": 24.10
            }
        ]
    }, {
        "province": "河南省",
        "count": 17,
        "values": [
            {
                "city": "郑州市",
                "lng": 113.40,
                "lat": 34.46
            },
            {
                "city": "安阳市",
                "lng": 114.21,
                "lat": 36.06
            },
            {
                "city": "鹤壁市",
                "lng": 114.11,
                "lat": 35.54
            },
            {
                "city": "焦作市",
                "lng": 113.12,
                "lat": 35.14
            },
            {
                "city": "济源市",
                "lng": 112.35,
                "lat": 35.04
            },
            {
                "city": "开封市",
                "lng": 114.21,
                "lat": 34.47
            },
            {
                "city": "漯河市",
                "lng": 114.02,
                "lat": 33.33
            },
            {
                "city": "洛阳市",
                "lng": 112.27,
                "lat": 34.41
            },
            {
                "city": "南阳市",
                "lng": 112.32,
                "lat": 33.00
            },
            {
                "city": "濮阳市",
                "lng": 115.01,
                "lat": 35.44
            },
            {
                "city": "商丘市",
                "lng": 115.38,
                "lat": 34.26
            },
            {
                "city": "新乡市",
                "lng": 113.52,
                "lat": 35.18
            },
            {
                "city": "信阳市",
                "lng": 114.04,
                "lat": 32.07
            },
            {
                "city": "许昌市",
                "lng": 113.49,
                "lat": 34.01
            },
            {
                "city": "周口市",
                "lng": 114.38,
                "lat": 33.37
            },
            {
                "city": "驻马店市",
                "lng": 114.01,
                "lat": 32.58
            },
            {
                "city": "平顶山市",
                "lng": 113.17,
                "lat": 33.44
            },
            {
                "city": "三门峡市",
                "lng": 111.12,
                "lat": 34.47
            }
        ]
    }, {
        "province": "河北省",
        "count": 11,
        "values": [
            {
                "city": "石家庄市",
                "lng": 114.30,
                "lat": 38.02
            },
            {
                "city": "秦皇岛市",
                "lng": 119.35,
                "lat": 39.55
            },
            {
                "city": "张家口市",
                "lng": 114.53,
                "lat": 40.48
            },
            {
                "city": "唐山市",
                "lng": 118.11,
                "lat": 39.36
            },
            {
                "city": "邯郸市",
                "lng": 114.28,
                "lat": 36.36
            },
            {
                "city": "邢台市",
                "lng": 114.30,
                "lat": 37.04
            },
            {
                "city": "保定市",
                "lng": 115.30,
                "lat": 38.51
            },
            {
                "city": "承德市",
                "lng": 117.57,
                "lat": 40.59
            },
            {
                "city": "沧州市",
                "lng": 116.52,
                "lat": 38.18
            },
            {
                "city": "衡水市",
                "lng": 115.42,
                "lat": 37.44
            },
            {
                "city": "廊坊市",
                "lng": 116.42,
                "lat": 39.31
            }
        ]
    }, {
        "province": "山西省",
        "count": 11,
        "values": [
            {
                "city": "太原市",
                "lng": 112.33,
                "lat": 37.54
            },
            {
                "city": "长治市",
                "lng": 113.06,
                "lat": 36.11
            },
            {
                "city": "大同市",
                "lng": 113.17,
                "lat": 40.06
            },
            {
                "city": "运城市",
                "lng": 110.59,
                "lat": 35.02
            },
            {
                "city": "晋城市",
                "lng": 112.51,
                "lat": 35.30
            },
            {
                "city": "临汾市",
                "lng": 111.31,
                "lat": 36.05
            },
            {
                "city": "忻州市",
                "lng": 112.43,
                "lat": 38.24
            },
            {
                "city": "阳泉市",
                "lng": 113.34,
                "lat": 37.51
            },
            {
                "city": "朔州市",
                "lng": 112.26,
                "lat": 39.19
            },
            {
                "city": "晋中市",
                "lng": 112.75,
                "lat": 37.22
            },
            {
                "city": "吕梁市",
                "lng": 111.20,
                "lat": 37.43
            }

        ]
    }, {
        "province": "山东省",
        "count": 17,
        "values": [
            {
                "city": "济南市",
                "lng": 117.00,
                "lat": 36.40
            },
            {
                "city": "东营市",
                "lng": 118.30,
                "lat": 37.27
            },
            {
                "city": "烟台市",
                "lng": 121.24,
                "lat": 37.32
            },
            {
                "city": "菏泽市",
                "lng": 115.26,
                "lat": 35.14
            },
            {
                "city": "莱芜市",
                "lng": 117.40,
                "lat": 36.12
            },
            {
                "city": "聊城市",
                "lng": 115.57,
                "lat": 36.26
            },
            {
                "city": "青岛市",
                "lng": 120.18,
                "lat": 36.03
            },
            {
                "city": "日照市",
                "lng": 119.32,
                "lat": 35.23
            },
            {
                "city": "潍坊市",
                "lng": 119.06,
                "lat": 36.43
            },
            {
                "city": "威海市",
                "lng": 122.07,
                "lat": 37.31
            },
            {
                "city": "济宁市",
                "lng": 116.33,
                "lat": 35.23
            },
            {
                "city": "枣庄市",
                "lng": 117.33,
                "lat": 34.52
            },
            {
                "city": "淄博市",
                "lng": 118.03,
                "lat": 36.48
            },
            {
                "city": "泰安市",
                "lng": 117.08,
                "lat": 36.11
            },
            {
                "city": "德州市",
                "lng": 116.17,
                "lat": 37.26
            },
            {
                "city": "滨州市",
                "lng": 118.02,
                "lat": 37.22
            },
            {
                "city": "临沂市",
                "lng": 118.20,
                "lat": 35.03
            }
        ]
    }, {
        "province": "陕西省",
        "count": 10,
        "values": [
            {
                "city": "西安市",
                "lng": 108.57,
                "lat": 34.17
            },
            {
                "city": "安康市",
                "lng": 109.01,
                "lat": 32.41
            },
            {
                "city": "宝鸡市",
                "lng": 107.09,
                "lat": 34.22
            },
            {
                "city": "汉中市",
                "lng": 107.01,
                "lat": 33.04
            },
            {
                "city": "商洛市",
                "lng": 109.57,
                "lat": 33.52
            },
            {
                "city": "铜川市",
                "lng": 109.07,
                "lat": 35.06
            },
            {
                "city": "渭南市",
                "lng": 109.30,
                "lat": 34.30
            },
            {
                "city": "咸阳市",
                "lng": 108.43,
                "lat": 34.20
            },
            {
                "city": "延安市",
                "lng": 109.28,
                "lat": 36.35
            },
            {
                "city": "榆林市",
                "lng": 109.47,
                "lat": 38.18
            }
        ]
    }, {
        "province": "湖北省",
        "count": 13,
        "values": [
            {
                "city": "武汉市",
                "lng": 114.17,
                "lat": 30.35
            },
            {
                "city": "黄石市",
                "lng": 115.06,
                "lat": 30.12
            },
            {
                "city": "鄂州市",
                "lng": 114.52,
                "lat": 30.23
            },
            {
                "city": "十堰市",
                "lng": 110.47,
                "lat": 32.40
            },
            {
                "city": "咸宁市",
                "lng": 114.17,
                "lat": 29.53
            },
            {
                "city": "孝感市",
                "lng": 113.54,
                "lat": 30.56
            },
            {
                "city": "荆门市",
                "lng": 112.12,
                "lat": 31.02
            },
            {
                "city": "宜昌市",
                "lng": 111.17,
                "lat": 30.42
            },
            {
                "city": "随州市",
                "lng": 113.22,
                "lat": 31.42
            },
            {
                "city": "襄阳市",
                "lng": 112.25,
                "lat": 32.23
            },
            {
                "city": "黄冈市",
                "lng": 112.24,
                "lat": 32.23
            },
            {
                "city": "荆州市",
                "lng": 114.89,
                "lat": 30.45
            },
            {
                "city": "恩施土家族苗族自治州",
                "lng": 109.29,
                "lat": 30.16
            }
        ]
    }, {
        "province": "辽宁省",
        "count": 14,
        "values": [
            {
                "city": "沈阳市",
                "lng": 123.25,
                "lat": 41.48
            },
            {
                "city": "大连市",
                "lng": 121.36,
                "lat": 38.55
            },
            {
                "city": "鞍山市",
                "lng": 123.00,
                "lat": 41.07
            },
            {
                "city": "抚顺市",
                "lng": 123.54,
                "lat": 41.51
            },
            {
                "city": "本溪市",
                "lng": 123.46,
                "lat": 41.18
            },
            {
                "city": "丹东市",
                "lng": 124.22,
                "lat": 40.08
            },
            {
                "city": "锦州市",
                "lng": 121.09,
                "lat": 41.07
            },
            {
                "city": "营口市",
                "lng": 122.13,
                "lat": 40.39
            },
            {
                "city": "阜新市",
                "lng": 121.39,
                "lat": 42.01
            },
            {
                "city": "辽阳市",
                "lng": 123.12,
                "lat": 41.16
            },
            {
                "city": "盘锦市",
                "lng": 122.03,
                "lat": 41.07
            },
            {
                "city": "铁岭市",
                "lng": 123.51,
                "lat": 42.18
            },
            {
                "city": "朝阳市",
                "lng": 120.27,
                "lat": 41.34
            },
            {
                "city": "葫芦岛市",
                "lng": 120.51,
                "lat": 40.45
            }
        ]
    }, {
        "province": "吉林省",
        "count": 12,
        "values": [
            {
                "city": "长春市",
                "lng": 125.19,
                "lat": 43.54
            },
            {
                "city": "吉林市",
                "lng": 126.33,
                "lat": 43.52
            },
            {
                "city": "四平市",
                "lng": 124.22,
                "lat": 43.10
            },
            {
                "city": "辽源市",
                "lng": 125.09,
                "lat": 42.54
            },
            {
                "city": "通化市",
                "lng": 125.56,
                "lat": 41.43
            },
            {
                "city": "白城市",
                "lng": 122.50,
                "lat": 45.38
            },
            {
                "city": "白山市",
                "lng": 126.26,
                "lat": 41.56
            },
            {
                "city": "松原市",
                "lng": 124.49,
                "lat": 45.11
            },
            {
                "city": "公主岭市",
                "lng": 124.49,
                "lat": 43.31
            },
            {
                "city": "梅河口市",
                "lng": 125.40,
                "lat": 42.32
            },
            {
                "city": "延边朝鲜族自治州",
                "lng": 129.10,
                "lat": 43.12
            },
            {
                "city": "吉林省长白山保护开发区",
                "lng": 128.91,
                "lat": 43.11
            }
        ]
    }, {
        "province": "黑龙江省",
        "count": 13,
        "values": [
            {
                "city": "伊春市",
                "lng": 128.56,
                "lat": 47.42
            },
            {
                "city": "大庆市",
                "lng": 125.01,
                "lat": 46.36
            },
            {
                "city": "绥化市",
                "lng": 126.59,
                "lat": 46.38
            },
            {
                "city": "黑河市",
                "lng": 127.29,
                "lat": 50.14
            },
            {
                "city": "鸡西市",
                "lng": 130.57,
                "lat": 45.17
            },
            {
                "city": "鹤岗市",
                "lng": 130.16,
                "lat": 47.20
            },
            {
                "city": "哈尔滨市",
                "lng": 126.36,
                "lat": 45.44
            },
            {
                "city": "双鸭山市",
                "lng": 131.11,
                "lat": 46.38
            },
            {
                "city": "七台河市",
                "lng": 130.49,
                "lat": 45.48
            },
            {
                "city": "牡丹江市",
                "lng": 129.36,
                "lat": 44.35
            },
            {
                "city": "佳木斯市",
                "lng": 130.22,
                "lat": 46.47
            },
            {
                "city": "齐齐哈尔市",
                "lng": 123.57,
                "lat": 47.20
            },
            {
                "city": "大兴安岭市",
                "lng": 115.93,
                "lat": 39.89
            }
        ]
    }, {
        "province": "宁夏省",
        "count": 5,
        "values": [
            {
                "city": "银川市",
                "lng": 106.16,
                "lat": 38.27
            },
            {
                "city": "石嘴山市",
                "lng": 106.22,
                "lat": 39.02
            },
            {
                "city": "吴忠市",
                "lng": 106.11,
                "lat": 37.59
            },
            {
                "city": "固原市",
                "lng": 116.11,
                "lat": 39.89
            },
            {
                "city": "中卫市",
                "lng": 105.66,
                "lat": 36.27
            }
        ]
    }, {
        "province": "甘肃省",
        "count": 14,
        "values": [
            {
                "city": "兰州市",
                "lng": 103.51,
                "lat": 36.04
            },
            {
                "city": "张掖市",
                "lng": 100.26,
                "lat": 38.56
            },
            {
                "city": "白银市",
                "lng": 104.12,
                "lat": 36.33
            },
            {
                "city": "天水市",
                "lng": 105.42,
                "lat": 34.37
            },
            {
                "city": "金昌市",
                "lng": 102.10,
                "lat": 38.28
            },
            {
                "city": "武威市",
                "lng": 102.39,
                "lat": 37.56
            },
            {
                "city": "酒泉市",
                "lng": 98.31,
                "lat": 39.44
            },
            {
                "city": "平凉市",
                "lng": 106.40,
                "lat": 35.32
            },
            {
                "city": "定西市",
                "lng": 104.69,
                "lat": 37.77
            },
            {
                "city": "陇南市",
                "lng": 104.71,
                "lat": 33.65
            },
            {
                "city": "庆阳市",
                "lng": 104.71,
                "lat": 33.65
            },
            {
                "city": "嘉峪关市",
                "lng": 98.14,
                "lat": 39.48
            },
            {
                "city": "临夏回族自治区",
                "lng": 103.12,
                "lat": 35.37
            },
            {
                "city": "甘南藏族自治区",
                "lng": 107.46,
                "lat": 35.98
            }
        ]
    }, {
        "province": "青海省",
        "count": 6,
        "values": [
            {
                "city": "西宁市",
                "lng": 101.48,
                "lat": 36.38
            },
            {
                "city": "海东市",
                "lng": 102.58,
                "lat": 35.24
            },
            {
                "city": "海北藏族自治州",
                "lng": 101.97,
                "lat": 36.77
            },
            {
                "city": "海南藏族自治州",
                "lng": 100.78,
                "lat": 37.19
            },
            {
                "city": "海西藏族自治州",
                "lng": 97.41,
                "lat": 37.62
            },
            {
                "city": "黄南藏族自治州",
                "lng": 96.90,
                "lat": 37.62
            },
            {
                "city": "果洛藏族自治州",
                "lng": 102.59,
                "lat": 35.75
            },
            {
                "city": "玉树藏族自治州",
                "lng": 102.59,
                "lat": 35.75
            }
        ]
    }, {
        "province": "新疆维吾尔族自治区",
        "count": 12,
        "values": [
            {
                "city": "乌鲁木齐市",
                "lng": 87.36,
                "lat": 43.45
            },
            {
                "city": "克拉玛依市",
                "lng": 84.51,
                "lat": 45.36
            },
            {
                "city": "吐鲁番市",
                "lng": 89.11,
                "lat": 42.54
            },
            {
                "city": "哈密市",
                "lng": 93.28,
                "lat": 42.50
            },
            {
                "city": "喀什地区",
                "lng": 75.59,
                "lat": 39.30
            },
            {
                "city": "和田地区",
                "lng": 79.55,
                "lat": 37.09
            },
            {
                "city": "阿克苏地区",
                "lng": 80.19,
                "lat": 41.09
            },
            {
                "city": "昌吉回族自治州",
                "lng": 87.18,
                "lat": 44.02
            },
            {
                "city": "博尔塔蒙古自治州",
                "lng": 96.57,
                "lat": 33.27
            },
            {
                "city": "巴音郭楞蒙古自治州",
                "lng": 96.63,
                "lat": 33.27
            },
            {
                "city": "克孜勒苏柯尔克孜自治州",
                "lng": 85.56,
                "lat": 42.00
            },
            {
                "city": "伊犁哈萨克自治州",
                "lng": 75.94,
                "lat": 39.94
            }
        ]
    }, {
        "province": "西藏自治区",
        "count": 7,
        "values": [
            {
                "city": "拉萨市",
                "lng": 91.08,
                "lat": 29.39
            },
            {
                "city": "昌都市",
                "lng": 80.77,
                "lat": 44.14
            },
            {
                "city": "林芝市",
                "lng": 97.08,
                "lat": 31.39
            },
            {
                "city": "山南市",
                "lng": 91.75,
                "lat": 29.23
            },
            {
                "city": "日喀则市",
                "lng": 88.51,
                "lat": 29.16
            },
            {
                "city": "那曲地区",
                "lng": 89.14,
                "lat": 31.36
            },
            {
                "city": "阿里地区",
                "lng": 92.06,
                "lat": 31.48
            }
        ]
    }, {
        "province": "四川省",
        "count": 21,
        "values": [
            {
                "city": "成都市",
                "lng": 104.04,
                "lat": 30.40
            },
            {
                "city": "绵阳市",
                "lng": 104.42,
                "lat": 31.30
            },
            {
                "city": "巴中市",
                "lng": 106.43,
                "lat": 31.51
            },
            {
                "city": "达川市",
                "lng": 107.29,
                "lat": 31.14
            },
            {
                "city": "雅安市",
                "lng": 102.59,
                "lat": 29.59
            },
            {
                "city": "南充市",
                "lng": 106.04,
                "lat": 30.49
            },
            {
                "city": "内江市",
                "lng": 105.02,
                "lat": 29.36
            },
            {
                "city": "资阳市",
                "lng": 104.38,
                "lat": 30.09
            },
            {
                "city": "宜宾市",
                "lng": 104.34,
                "lat": 28.47
            },
            {
                "city": "遂宁市",
                "lng": 105.33,
                "lat": 30.31
            },
            {
                "city": "乐山市",
                "lng": 103.44,
                "lat": 29.36
            },
            {
                "city": "德阳市",
                "lng": 104.22,
                "lat": 31.09
            },
            {
                "city": "广元市",
                "lng": 105.51,
                "lat": 32.28
            },
            {
                "city": "泸州市",
                "lng": 105.24,
                "lat": 28.54
            },
            {
                "city": "自贡市",
                "lng": 104.46,
                "lat": 29.23
            },
            {
                "city": "眉山市",
                "lng": 103.29,
                "lat": 29.36
            },
            {
                "city": "广安市",
                "lng": 106.63,
                "lat": 30.46
            },
            {
                "city": "攀枝花市",
                "lng": 101.43,
                "lat": 26.34
            },
            {
                "city": "甘孜藏族自治州",
                "lng": 106.63,
                "lat": 30.46
            },
            {
                "city": "凉山彝族自治州",
                "lng": 101.96,
                "lat": 30.05
            },
            {
                "city": "阿坝藏族羌族自治州",
                "lng": 102.25,
                "lat": 27.89
            }
        ]
    }, {
        "province": "江苏省",
        "count": 13,
        "values": [
            {
                "city": "南京市",
                "lng": 118.46,
                "lat": 32.03
            },
            {
                "city": "无锡市",
                "lng": 120.18,
                "lat": 31.34
            },
            {
                "city": "徐州市",
                "lng": 117.11,
                "lat": 34.15
            },
            {
                "city": "常州市",
                "lng": 119.58,
                "lat": 31.47
            },
            {
                "city": "苏州市",
                "lng": 120.37,
                "lat": 31.19
            },
            {
                "city": "淮安市",
                "lng": 119.09,
                "lat": 33.30
            },
            {
                "city": "南通市",
                "lng": 120.51,
                "lat": 32.01
            },
            {
                "city": "宿迁市",
                "lng": 118.18,
                "lat": 33.58
            },
            {
                "city": "泰州市",
                "lng": 119.54,
                "lat": 32.30
            },
            {
                "city": "盐城市",
                "lng": 120.08,
                "lat": 33.22
            },
            {
                "city": "扬州市",
                "lng": 119.26,
                "lat": 32.23
            },
            {
                "city": "镇江市",
                "lng": 119.27,
                "lat": 32.11
            },
            {
                "city": "连去港市",
                "lng": 119.10,
                "lat": 34.36
            }
        ]
    }, {
        "province": "江西省",
        "count": 11,
        "values": [
            {
                "city": "南昌市",
                "lng": 115.55,
                "lat": 28.40
            },
            {
                "city": "九江市",
                "lng": 115.58,
                "lat": 29.43
            },
            {
                "city": "上饶市",
                "lng": 117.58,
                "lat": 25.27
            },
            {
                "city": "宜春市",
                "lng": 114.23,
                "lat": 27.47
            },
            {
                "city": "吉安市",
                "lng": 114.58,
                "lat": 27.07
            },
            {
                "city": "赣州市",
                "lng": 114.56,
                "lat": 28.52
            },
            {
                "city": "萍乡市",
                "lng": 113.50,
                "lat": 27.37
            },
            {
                "city": "新余市",
                "lng": 114.56,
                "lat": 27.48
            },
            {
                "city": "鹰潭市",
                "lng": 117.03,
                "lat": 28.14
            },
            {
                "city": "抚州市",
                "lng": 116.45,
                "lat": 27.29
            },
            {
                "city": "景德镇市",
                "lng": 117.13,
                "lat": 29.17
            }
        ]
    }, {
        "province": "云南省",
        "count": 16,
        "values": [
            {
                "city": "昆明市",
                "lng": 102.42,
                "lat": 25.04
            },
            {
                "city": "曲靖市",
                "lng": 103.48,
                "lat": 25.30
            },
            {
                "city": "玉溪市",
                "lng": 102.32,
                "lat": 24.22
            },
            {
                "city": "昭通市",
                "lng": 103.42,
                "lat": 27.20
            },
            {
                "city": "保山市",
                "lng": 99.10,
                "lat": 25.08
            },
            {
                "city": "丽江市",
                "lng": 100.14,
                "lat": 26.52
            },
            {
                "city": "普洱市",
                "lng": 101.13,
                "lat": 23.50
            },
            {
                "city": "临沧市",
                "lng": 99.32,
                "lat": 24.06
            },
            {
                "city": "迪庆藏族自治州",
                "lng": 99.71,
                "lat": 27.84
            },
            {
                "city": "大理白族自治州",
                "lng": 100.21,
                "lat": 25.61
            },
            {
                "city": "楚雄彝族自治州",
                "lng": 101.53,
                "lat": 25.08
            },
            {
                "city": "怒江傈僳族自治州",
                "lng": 98.74,
                "lat": 26.33
            },
            {
                "city": "文山壮族苗族自治州",
                "lng": 104.24,
                "lat": 23.39
            },
            {
                "city": "西双版纳傣族自治州",
                "lng": 100.80,
                "lat": 22.03
            },
            {
                "city": "红河哈尼族彝族自治州",
                "lng": 103.38,
                "lat": 23.38
            },
            {
                "city": "德宏傣族景颇族自治州",
                "lng": 97.75,
                "lat": 24.21
            }
        ]
    }, {
        "province": "浙江省",
        "count": 11,
        "values": [
            {
                "city": "杭州市",
                "lng": 120.10,
                "lat": 30.16
            },
            {
                "city": "宁波市",
                "lng": 121.33,
                "lat": 29.52
            },
            {
                "city": "温州市",
                "lng": 120.39,
                "lat": 28.01
            },
            {
                "city": "绍兴市",
                "lng": 120.34,
                "lat": 30.00
            },
            {
                "city": "湖州市",
                "lng": 120.06,
                "lat": 30.52
            },
            {
                "city": "嘉兴市",
                "lng": 120.45,
                "lat": 30.46
            },
            {
                "city": "金华市",
                "lng": 119.39,
                "lat": 29.07
            },
            {
                "city": "衢州市",
                "lng": 118.52,
                "lat": 28.58
            },
            {
                "city": "台州市",
                "lng": 121.27,
                "lat": 28.41
            },
            {
                "city": "舟山市",
                "lng": 122.06,
                "lat": 30.01
            },
            {
                "city": "丽水市",
                "lng": 119.54,
                "lat": 28.27
            }
        ]
    }, {
        "province": "福建省",
        "count": 10,
        "values": [
            {
                "city": "福州市",
                "lng": 119.18,
                "lat": 26.05
            },
            {
                "city": "厦门市",
                "lng": 118.06,
                "lat": 24.27
            },
            {
                "city": "漳州市",
                "lng": 117.39,
                "lat": 24.31
            },
            {
                "city": "莆田市",
                "lng": 119.01,
                "lat": 24.26
            },
            {
                "city": "泉州市",
                "lng": 118.36,
                "lat": 24.56
            },
            {
                "city": "三明市",
                "lng": 117.36,
                "lat": 26.13
            },
            {
                "city": "南平市",
                "lng": 118.10,
                "lat": 26.38
            },
            {
                "city": "龙岩市",
                "lng": 117.01,
                "lat": 25.06
            },
            {
                "city": "宁德市",
                "lng": 119.31,
                "lat": 26.39
            },
            {
                "city": "平潭市",
                "lng": 119.77,
                "lat": 25.54
            }
        ]
    }, {
        "province": "广东省",
        "count": 21,
        "values": [
            {
                "city": "广州市",
                "lng": 113.14,
                "lat": 23.08
            },
            {
                "city": "珠海市",
                "lng": 113.34,
                "lat": 22.17
            },
            {
                "city": "深圳市",
                "lng": 114.07,
                "lat": 22.33
            },
            {
                "city": "汕头市",
                "lng": 116.41,
                "lat": 23.22
            },
            {
                "city": "佛山市",
                "lng": 113.06,
                "lat": 23.02
            },
            {
                "city": "韶关市",
                "lng": 113.37,
                "lat": 24.48
            },
            {
                "city": "湛江市",
                "lng": 110.24,
                "lat": 21.11
            },
            {
                "city": "肇庆市",
                "lng": 112.27,
                "lat": 23.03
            },
            {
                "city": "江门市",
                "lng": 113.04,
                "lat": 22.35
            },
            {
                "city": "茂名市",
                "lng": 110.53,
                "lat": 21.40
            },
            {
                "city": "梅州市",
                "lng": 116.07,
                "lat": 24.19
            },
            {
                "city": "惠州市",
                "lng": 114.22,
                "lat": 23.05
            },
            {
                "city": "汕尾市",
                "lng": 115.21,
                "lat": 22.47
            },
            {
                "city": "河源市",
                "lng": 114.41,
                "lat": 23.43
            },
            {
                "city": "阳江市",
                "lng": 111.58,
                "lat": 21.50
            },
            {
                "city": "清远市",
                "lng": 113.01,
                "lat": 23.42
            },
            {
                "city": "东莞市",
                "lng": 113.45,
                "lat": 23.02
            },
            {
                "city": "中山市",
                "lng": 113.22,
                "lat": 22.31
            },
            {
                "city": "潮州市",
                "lng": 116.38,
                "lat": 23.40
            },
            {
                "city": "揭阳市",
                "lng": 116.21,
                "lat": 22.32
            },
            {
                "city": "云浮市",
                "lng": 112.02,
                "lat": 22.57
            }
        ]
    }, {
        "province": "广西壮族自治区",
        "count": 14,
        "values": [
            {
                "city": "南宁市",
                "lng": 108.19,
                "lat": 22.48
            },
            {
                "city": "柳州市",
                "lng": 109.24,
                "lat": 23.19
            },
            {
                "city": "桂林市",
                "lng": 110.17,
                "lat": 25.17
            },
            {
                "city": "梧州市",
                "lng": 111.20,
                "lat": 23.29
            },
            {
                "city": "北海市",
                "lng": 109.07,
                "lat": 21.28
            },
            {
                "city": "钦州市",
                "lng": 108.37,
                "lat": 21.57
            },
            {
                "city": "贵港市",
                "lng": 109.36,
                "lat": 23.06
            },
            {
                "city": "玉林市",
                "lng": 110.09,
                "lat": 22.38
            },
            {
                "city": "百色市",
                "lng": 106.36,
                "lat": 23.54
            },
            {
                "city": "贺州市",
                "lng": 111.55,
                "lat": 24.41
            },
            {
                "city": "河池市",
                "lng": 108.03,
                "lat": 24.42
            },
            {
                "city": "来宾市",
                "lng": 108.92,
                "lat": 23.55
            },
            {
                "city": "崇左市",
                "lng": 107.36,
                "lat": 22.41
            },
            {
                "city": "防城港市",
                "lng": 108.20,
                "lat": 21.37
            }
        ]
    }, {
        "province": "安徽省",
        "count": 16,
        "values": [
            {
                "city": "合肥市",
                "lng": 117.17,
                "lat": 31.52
            },
            {
                "city": "芜湖市",
                "lng": 118.22,
                "lat": 31.19
            },
            {
                "city": "蚌埠市",
                "lng": 117.21,
                "lat": 32.56
            },
            {
                "city": "淮南市",
                "lng": 116.58,
                "lat": 32.37
            },
            {
                "city": "淮北市",
                "lng": 116.47,
                "lat": 33.57
            },
            {
                "city": "铜陵市",
                "lng": 117.48,
                "lat": 30.56
            },
            {
                "city": "安庆市",
                "lng": 117.02,
                "lat": 30.31
            },
            {
                "city": "黄山市",
                "lng": 118.18,
                "lat": 29.43
            },
            {
                "city": "阜阳市",
                "lng": 115.48,
                "lat": 32.54
            },
            {
                "city": "宿州市",
                "lng": 116.58,
                "lat": 33.38
            },
            {
                "city": "滁州市",
                "lng": 118.18,
                "lat": 32.18
            },
            {
                "city": "六安市",
                "lng": 116.28,
                "lat": 31.44
            },
            {
                "city": "宣城市",
                "lng": 118.75,
                "lat": 30.97
            },
            {
                "city": "池州市",
                "lng": 117.48,
                "lat": 30.67
            },
            {
                "city": "亳州市",
                "lng": 115.47,
                "lat": 33.52
            },
            {
                "city": "马鞍山市",
                "lng": 31.43,
                "lat": 118.28
            }
        ]
    }, {
        "province": "澳门",
        "count": 1,
        "values": [
            {
                "city": "澳门市",
                "lng": 115.07,
                "lat": 21.33
            }
        ]
    }, {
        "province": "香港",
        "count": 1,
        "values": [
            {
                "city": "香港市",
                "lng": 114.15,
                "lat": 22.15
            }
        ]
    }, {
        "province": "贵州省",
        "count": 9,
        "values": [
            {
                "city": "贵阳市",
                "lng": 106.42,
                "lat": 26.35
            },
            {
                "city": "遵义市",
                "lng": 106.55,
                "lat": 27.42
            },
            {
                "city": "安顺市",
                "lng": 105.55,
                "lat": 26.14
            },
            {
                "city": "铜仁市",
                "lng": 109.12,
                "lat": 27.43
            },
            {
                "city": "毕节市",
                "lng": 105.18,
                "lat": 27.18
            },
            {
                "city": "六盘水市",
                "lng": 104.50,
                "lat": 26.35
            },
            {
                "city": "黔东南苗族侗族自治州",
                "lng": 107.97,
                "lat": 26.61
            },
            {
                "city": "黔南布依族苗族自治州",
                "lng": 107.52,
                "lat": 26.30
            },
            {
                "city": "黔西南布依族苗族自治州",
                "lng": 104.89,
                "lat": 25.13
            }
        ]
    }, {
        "province": "海南省",
        "count": 7,
        "values": [
            {
                "city": "海口市",
                "lng": 110.20,
                "lat": 20.02
            },
            {
                "city": "三亚市",
                "lng": 109.31,
                "lat": 18.14
            },
            {
                "city": "三沙市",
                "lng": 109.73,
                "lat": 19.21
            },
            {
                "city": "儋州市",
                "lng": 109.34,
                "lat": 19.31
            },
            {
                "city": "文昌市",
                "lng": 110.77,
                "lat": 19.78
            },
            {
                "city": "琼海市",
                "lng": 110.28,
                "lat": 19.14
            },
            {
                "city": "万宁市",
                "lng": 110.26,
                "lat": 18.87
            }
        ]
    }, {
        "province": "湖南省",
        "count": 14,
        "values": [
            {
                "city": "长沙市",
                "lng": 28.12,
                "lat": 112.59
            },
            {
                "city": "株洲市",
                "lng": 27.51,
                "lat": 113.09
            },
            {
                "city": "湘潭市",
                "lng": 27.52,
                "lat": 112.53
            },
            {
                "city": "衡阳市",
                "lng": 26.53,
                "lat": 112.37
            },
            {
                "city": "邵阳市",
                "lng": 27.14,
                "lat": 111.28
            },
            {
                "city": "岳阳市",
                "lng": 29.22,
                "lat": 113.06
            },
            {
                "city": "常德市",
                "lng": 29.02,
                "lat": 111.51
            },
            {
                "city": "益阳市",
                "lng": 28.36,
                "lat": 112.20
            },
            {
                "city": "娄底市",
                "lng": 27.44,
                "lat": 111.59
            },
            {
                "city": "郴州市",
                "lng": 25.46,
                "lat": 113.02
            },
            {
                "city": "永州市",
                "lng": 26.13,
                "lat": 111.37
            },
            {
                "city": "怀化市",
                "lng": 27.33,
                "lat": 109.58
            },
            {
                "city": "张家界市",
                "lng": 29.08,
                "lat": 110.29
            },
            {
                "city": "湘西土家族苗族自治州",
                "lng": 109.73,
                "lat": 28.35
            }
        ]
    }
]