{
  "status": "200",
  "message": "",
  "id": 224,
  "configName": "个人征信报告",
  "configType": "1",
  "isInterface": 1,
  "isTask": 1,
  "remark": null,
  "details": {
    "list": {
      "id": 1482,
      "values": [
        {
          "member_no": "4370d52737b8405bbae23d3d1cd1b96a",
          "customer_id": "2017071700000013",
          "applyserialno": "2017071700000009",
          "member_name": "陈牧",
          "certificate_number": "33010219850822121X",
          "mobilePhone": "13918224563",
          "eduExperienceType": "本科生",
          "marriage": "已婚",
          "childrenCount": "0个",
          "houseObligee": "自有",
          "td_rule": null,
          "wc_blacklist_issuccess": "成功",
          "wc_blacklist_result": "通过",
          "wc_overduelist_issuccess": "成功",
          "wc_overlist_result": "通过",
          "brcreditpoint_score_issuccess": "失败",
          "brpaybehavior_issuccess": "成功",
          "brcrimeinfo_issuccess": "成功",
          "brapplyloan_issuccess": "成功",
          "br_creditpoint": "517",
          "br_cst_score": "0",
          "br_cot_score": null,
          "br_rfm_6_var2": "0",
          "br_crimeinfo_STATUS": "否",
          "br_als_d7_id_bank_allnum": null,
          "br_als_d7_id_bank_orgnum": null,
          "br_als_d7_id_bank_selfnum": null,
          "br_als_d7_id_nbank_allnum": null,
          "br_als_d7_id_nbank_orgnum": null,
          "br_als_d7_cell_bank_allnum": null,
          "br_als_d7_cell_bank_orgnum": null,
          "br_als_d7_cell_nbank_selfnum": null,
          "br_als_d7_cell_nbank_allnum": null,
          "br_als_d7_cell_nbank_orgnum": null,
          "br_als_d15_id_bank_allnum": null,
          "br_als_d15_id_bank_orgnum": null,
          "br_als_d15_id_nbank_selfnum": null,
          "br_als_d15_id_nbank_allnum": null,
          "br_als_d15_id_nbank_orgnum": null,
          "br_als_d15_cell_bank_allnum": null,
          "br_als_d15_cell_bank_orgnum": null,
          "br_als_d15_cell_nbank_selfnum": null,
          "br_als_d15_cell_nbank_allnum": null,
          "br_als_d15_cell_nbank_orgnum": null,
          "br_als_m1_id_bank_allnum": null,
          "br_als_m1_id_bank_orgnum": null,
          "br_als_m1_id_nbank_selfnum": null,
          "br_als_m1_id_nbank_allnum": null,
          "br_als_m1_id_nbank_orgnum": null,
          "br_als_m1_cell_bank_allnum": "1",
          "br_als_m1_cell_bank_orgnum": "1",
          "br_als_m1_cell_nbank_selfnum": null,
          "br_als_m1_cell_nbank_allnum": null,
          "br_als_m1_cell_nbank_orgnum": null,
          "br_als_m3_id_bank_allnum": null,
          "br_als_m3_id_bank_orgnum": null,
          "br_als_m3_id_nbank_selfnum": null,
          "br_als_m3_id_nbank_allnum": null,
          "br_als_m3_id_nbank_orgnum": null,
          "br_als_m3_cell_bank_allnum": "2",
          "br_als_m3_cell_bank_orgnum": "1",
          "br_als_m3_cell_nbank_selfnum": null,
          "br_als_m3_cell_nbank_allnum": null,
          "br_als_m3_cell_nbank_orgnum": null,
          "br_als_m6_id_tot_mons": null,
          "br_als_m6_id_avg_monnum": null,
          "br_als_m6_id_max_monnum": null,
          "br_als_m6_id_min_monnum": null,
          "br_als_m6_id_max_inteday": null,
          "br_als_m6_id_min_inteday": null,
          "br_als_m6_cell_tot_mons": "2",
          "br_als_m6_cell_avg_monnum": "1.00",
          "br_als_m6_cell_max_monnum": "1",
          "br_als_m6_cell_min_monnum": "0",
          "br_als_m6_cell_max_inteday": "34",
          "br_als_m6_cell_min_inteday": "34",
          "br_als_fst_id_bank_inteday": null,
          "br_als_fst_id_nbank_inteday": null,
          "br_als_fst_cell_bank_inteday": "52",
          "br_als_fst_cell_nbank_inteday": null,
          "br_als_lst_id_bank_inteday": null,
          "br_als_lst_id_bank_consnum": null,
          "br_als_lst_id_bank_csinteday": null,
          "br_als_lst_id_nbank_inteday": null,
          "br_als_lst_id_nbank_consnum": null,
          "br_als_lst_id_nbank_csinteday": null,
          "br_als_lst_cell_bank_inteday": "18",
          "br_als_lst_cell_bank_consnum": "1",
          "br_als_lst_cell_bank_csinteday": null,
          "br_als_lst_cell_nbank_inteday": null,
          "br_als_lst_cell_nbank_consnum": null,
          "br_als_lst_cell_nbank_csinteday": null,
          "td_responsemsg": "{\"success\":true,\"reason_code\":\"200\",\"reason_desc\":\"获取成功\",\"rules\":[{\"rule_id\":\"3148965\",\"score\":3,\"conditions\":[{\"result\":1,\"dim_type\":\"id_number\",\"sub_dim_type\":\"account_mobile\",\"list\":[\"13761317713\"],\"type\":\"frequency_distinct\"},{\"result\":0,\"dim_type\":\"id_number\",\"sub_dim_type\":\"home_address\",\"list\":[],\"type\":\"frequency_distinct\"},{\"result\":0,\"dim_type\":\"id_number\",\"sub_dim_type\":\"account_email\",\"list\":[],\"type\":\"frequency_distinct\"}]},{\"rule_id\":\"3148967\",\"score\":3,\"conditions\":[{\"result\":1,\"dim_type\":\"account_mobile\",\"sub_dim_type\":\"id_number\",\"list\":[\"360730199005190018\"],\"type\":\"frequency_distinct\"}]},{\"rule_id\":\"3148969\",\"score\":80,\"conditions\":[{\"result\":1,\"dim_type\":\"card_number\",\"sub_dim_type\":\"id_number\",\"list\":[\"360730199005190018\"],\"type\":\"frequency_distinct\"}]},{\"rule_id\":\"3148989\",\"score\":5,\"conditions\":[{\"result\":1,\"dim_type\":\"id_number\",\"type\":\"frequency_one_dim\"}]},{\"rule_id\":\"3148991\",\"score\":0,\"conditions\":[{\"result\":1,\"dim_type\":\"id_number\",\"type\":\"frequency_one_dim\"}]},{\"rule_id\":\"3157991\",\"score\":0,\"conditions\":[{\"result\":1,\"dim_type\":\"id_number\",\"type\":\"frequency_one_dim\"}]},{\"rule_id\":\"3149067\",\"score\":0,\"conditions\":[{\"result\":1,\"dim_type\":\"id_number\",\"sub_dim_type\":\"account_mobile\",\"list\":[\"13761317713\"],\"type\":\"frequency_distinct\"}]},{\"rule_id\":\"3149073\",\"score\":0,\"conditions\":[{\"result\":1,\"dim_type\":\"account_mobile\",\"sub_dim_type\":\"id_number\",\"list\":[\"360730199005190018\"],\"type\":\"frequency_distinct\"}]},{\"rule_id\":\"3149077\",\"score\":0,\"conditions\":[{\"result\":1,\"dim_type\":\"id_number\",\"type\":\"frequency_one_dim\"}]},{\"rule_id\":\"3149079\",\"score\":0,\"conditions\":[{\"result\":1,\"dim_type\":\"account_mobile\",\"type\":\"frequency_one_dim\"}]}]}"
        }
      ],
      "errorMessage": ""
    }
  }
}