{
	"success": true,
	"id": "WF2018011213125418114520",
	"result_desc": {
		"ANTIFRAUD": {
			"score": 1463,
			"risk_items": [{
				"rule_id": "2666769",
				"score": 10.0,
				"rule_uuid": "13db170a323944fea16948b28970a4d2",
				"risk_id": 1,
				"risk_name": "身份证归属地位于高风险较为集中地区",
				"risk_detail": {
					"description": "是否命中自定义名单",
					"type": "custom_list",
					"list": ["370404"]
				}
			}, {
				"rule_id": "2666771",
				"score": 80.0,
				"rule_uuid": "a6a1dd8d685a4705b29e7bb80d6fc7d3",
				"risk_id": 2,
				"risk_name": "身份证命中法院失信名单",
				"risk_detail": {
					"hit_type_displayname": "借款人身份证",
					"description": "身份证命中法院失信名单",
					"black_list_details": [{
						"hitUuid": "1000027584631",
						"fraudType": "court",
						"value": "370404199006301915",
						"fraudTypeDisplayName": "法院失信"
					}, {
						"hitUuid": "1000007869938",
						"executeCourt": "厦门市思明区人民法院",
						"caseDate": "2014年07月16日",
						"carryOut": "全部未履行",
						"fraudType": "court",
						"specificCircumstances": "其他有履行能力而拒不履行生效法律文书确定义务",
						"value": "370404199006301915",
						"fraudTypeDisplayName": "法院失信"
					}, {
						"hitUuid": "1000014031648",
						"executeCourt": "厦门市思明区人民法院",
						"caseDate": "2014年07月16日",
						"carryOut": "全部未履行",
						"fraudType": "court",
						"specificCircumstances": "其他有履行能力而拒不履行生效法律文书确定义务",
						"value": "370404199006301915",
						"fraudTypeDisplayName": "法院失信"
					}, {
						"hitUuid": "1000022641475",
						"fraudType": "court",
						"value": "370404199006301915",
						"fraudTypeDisplayName": "法院失信"
					}, {
						"hitUuid": "1000027584629",
						"fraudType": "court",
						"value": "370404199006301915",
						"fraudTypeDisplayName": "法院失信"
					}, {
						"hitUuid": "1000027584627",
						"fraudType": "court",
						"value": "370404199006301915",
						"fraudTypeDisplayName": "法院失信"
					}],
					"type": "black_list"
				}
			}, {
				"rule_id": "2666773",
				"score": 80.0,
				"rule_uuid": "018f728039d84fc6b330a7e3c8e7f2e1",
				"risk_id": 3,
				"risk_name": "身份证命中犯罪通缉名单",
				"risk_detail": {
					"hit_type_displayname": "借款人身份证",
					"description": "身份证命中犯罪通缉名单",
					"black_list_details": [{
						"hitUuid": "1000027584625",
						"fraudType": "crime",
						"value": "370404199006301915",
						"fraudTypeDisplayName": "刑事犯罪"
					}, {
						"hitUuid": "1000014031656",
						"fraudType": "crime",
						"value": "370404199006301915",
						"fraudTypeDisplayName": "刑事犯罪"
					}, {
						"hitUuid": "1000007869936",
						"fraudType": "crime",
						"value": "370404199006301915",
						"fraudTypeDisplayName": "刑事犯罪"
					}, {
						"hitUuid": "1000008947854",
						"fraudType": "crime",
						"value": "370404199006301915",
						"fraudTypeDisplayName": "刑事犯罪"
					}],
					"type": "black_list"
				}
			}, {
				"rule_id": "2666775",
				"score": 80.0,
				"rule_uuid": "00293ceb0baa4d54876894c909a9ab0d",
				"risk_id": 4,
				"risk_name": "身份证命中法院执行名单",
				"risk_detail": {
					"hit_type_displayname": "借款人身份证",
					"description": "身份证命中法院执行名单",
					"black_list_details": [{
						"caseCode": "(2010)榆执字第0121233号",
						"hitUuid": "1000007869940",
						"executeCourt": "晋中市榆次区人民法院",
						"caseDate": "2010年1月4日",
						"fraudType": "courtZhixing",
						"executedName": "11234",
						"value": "370404199006301915",
						"fraudTypeDisplayName": "法院执行"
					}, {
						"hitUuid": "133247651713192937",
						"fraudType": "courtZhixing",
						"value": "370404199006301915",
						"fraudTypeDisplayName": "法院执行"
					}, {
						"caseCode": "(2010)榆执字第0121253号",
						"hitUuid": "1000022913461",
						"executeCourt": "晋中市榆次区人民法院",
						"caseDate": "2010年1月4日",
						"fraudType": "courtZhixing",
						"executedName": "11234",
						"value": "370404199006301915",
						"fraudTypeDisplayName": "法院执行"
					}, {
						"caseCode": "(2010)榆执字第0121233号",
						"hitUuid": "1000014031650",
						"executeCourt": "晋中市榆次区人民法院",
						"caseDate": "2010年1月4日",
						"fraudType": "courtZhixing",
						"executedName": "11234",
						"value": "370404199006301915",
						"fraudTypeDisplayName": "法院执行"
					}],
					"type": "black_list"
				}
			}, {
				"rule_id": "2666777",
				"score": 60.0,
				"rule_uuid": "1c2c8f9efb934c5cb939cd042e008281",
				"risk_id": 5,
				"risk_name": "身份证对应人存在助学贷款欠费历史",
				"risk_detail": {
					"hit_type_displayname": "借款人身份证",
					"description": "身份证对应人存在助学贷款欠费历史",
					"black_list_details": [{
						"hitUuid": "1000007869942",
						"fraudType": "studentDefault",
						"value": "370404199006301915",
						"fraudTypeDisplayName": "助学贷款欠费"
					}, {
						"hitUuid": "1000022913463",
						"fraudType": "studentDefault",
						"value": "370404199006301915",
						"fraudTypeDisplayName": "助学贷款欠费"
					}],
					"type": "black_list"
				}
			}, {
				"rule_id": "2666779",
				"score": 95.0,
				"rule_uuid": "d46b76f9b83d48a1aa839c0e2ac37b39",
				"risk_id": 6,
				"risk_name": "身份证命中信贷逾期名单",
				"risk_detail": {
					"discredit_times": 4,
					"overdue_details": [{
						"overdue_time": "2017-02",
						"overdue_amount_range": "(10000, 50000]",
						"overdue_day_range": "(90, 180]",
						"overdue_count": 4
					}, {
						"overdue_time": "2017-06",
						"overdue_amount_range": "(10000, 50000]",
						"overdue_day_range": "(0, 30]",
						"overdue_count": 1
					}, {
						"overdue_time": "2017-02",
						"overdue_amount_range": "(10000, 50000]",
						"overdue_day_range": "(90, 180]",
						"overdue_count": 4
					}, {
						"overdue_time": "2017-09"
					}],
					"type": "discredit_count"
				}
			}, {
				"rule_id": "2666781",
				"score": 40.0,
				"rule_uuid": "26647d8c64364e7986619789f0157d4b",
				"risk_id": 7,
				"risk_name": "身份证命中高风险关注名单",
				"risk_detail": {
					"hit_type_displayname": "借款人身份证",
					"grey_list_details": [{
						"evidence_time": "1434961040000",
						"risk_level": "高",
						"fraud_type": "异常交易",
						"value": "370404199006301915"
					}, {
						"evidence_time": "1434961040000",
						"risk_level": "高",
						"fraud_type": "恶意爬取",
						"value": "370404199006301915"
					}, {
						"evidence_time": "1434961040000",
						"risk_level": "高",
						"fraud_type": "游戏消费欠费",
						"value": "370404199006301915"
					}, {
						"evidence_time": "1434961040000",
						"risk_level": "高",
						"fraud_type": "异常支付",
						"value": "370404199006301915"
					}, {
						"evidence_time": "1434961040000",
						"risk_level": "高",
						"fraud_type": "风险激活",
						"value": "370404199006301915"
					}, {
						"evidence_time": "1434961040000",
						"risk_level": "高",
						"fraud_type": "欠款公司法人代表",
						"value": "370404199006301915"
					}, {
						"evidence_time": "1434961040000",
						"risk_level": "高",
						"fraud_type": "作弊行为",
						"value": "370404199006301915"
					}, {
						"evidence_time": "1434961040000",
						"risk_level": "高",
						"fraud_type": "法院执行",
						"value": "370404199006301915"
					}, {
						"evidence_time": "1434961040000",
						"risk_level": "高",
						"fraud_type": "异常登录",
						"value": "370404199006301915"
					}, {
						"evidence_time": "1434961040000",
						"risk_level": "高",
						"fraud_type": "异常充值",
						"value": "370404199006301915"
					}, {
						"evidence_time": "1434961040000",
						"risk_level": "高",
						"fraud_type": "信贷逾期后还款",
						"value": "370404199006301915"
					}, {
						"evidence_time": "1434961040000",
						"risk_level": "高",
						"fraud_type": "异常接单",
						"value": "370404199006301915"
					}, {
						"evidence_time": "1434961040000",
						"risk_level": "高",
						"fraud_type": "欠税",
						"value": "370404199006301915"
					}, {
						"evidence_time": "1434961040000",
						"risk_level": "高",
						"fraud_type": "刑事犯罪",
						"value": "370404199006301915"
					}, {
						"evidence_time": "1434961040000",
						"risk_level": "高",
						"fraud_type": "电商风险名单",
						"value": "370404199006301915"
					}, {
						"evidence_time": "1434961040000",
						"risk_level": "高",
						"fraud_type": "垃圾注册",
						"value": "370404199006301915"
					}, {
						"evidence_time": "1434961040000",
						"risk_level": "高",
						"fraud_type": "盗卡",
						"value": "370404199006301915"
					}, {
						"evidence_time": "1434961040000",
						"risk_level": "高",
						"fraud_type": "车贷风险名单",
						"value": "370404199006301915"
					}, {
						"evidence_time": "1434961040000",
						"risk_level": "高",
						"fraud_type": "信贷逾期名单",
						"value": "370404199006301915"
					}, {
						"evidence_time": "1434961040000",
						"risk_level": "高",
						"fraud_type": "机构代办",
						"value": "370404199006301915"
					}, {
						"evidence_time": "1434961040000",
						"risk_level": "高",
						"fraud_type": "异常叫车",
						"value": "370404199006301915"
					}, {
						"evidence_time": "1434961040000",
						"risk_level": "高",
						"fraud_type": "欠税公司法人代表",
						"value": "370404199006301915"
					}, {
						"evidence_time": "1434961040000",
						"risk_level": "高",
						"fraud_type": "信用炒作",
						"value": "370404199006301915"
					}, {
						"evidence_time": "1434961040000",
						"risk_level": "高",
						"fraud_type": "异常退款",
						"value": "370404199006301915"
					}, {
						"evidence_time": "1497143325000",
						"risk_level": "高",
						"fraud_type": "法院失信",
						"value": "370404199006301915"
					}, {
						"evidence_time": "1434961040000",
						"risk_level": "高",
						"fraud_type": "异常租赁",
						"value": "370404199006301915"
					}, {
						"evidence_time": "1434961040000",
						"risk_level": "高",
						"fraud_type": "异常提现",
						"value": "370404199006301915"
					}, {
						"evidence_time": "1434961040000",
						"risk_level": "高",
						"fraud_type": "刷单",
						"value": "370404199006301915"
					}, {
						"evidence_time": "1434961040000",
						"risk_level": "高",
						"fraud_type": "垃圾消息",
						"value": "370404199006301915"
					}, {
						"evidence_time": "1434961040000",
						"risk_level": "高",
						"fraud_type": "异常转账",
						"value": "370404199006301915"
					}, {
						"evidence_time": "1434961040000",
						"risk_level": "高",
						"fraud_type": "异常审核",
						"value": "370404199006301915"
					}, {
						"evidence_time": "1434961040000",
						"risk_level": "高",
						"fraud_type": "伪冒风险",
						"value": "370404199006301915"
					}, {
						"evidence_time": "1434961040000",
						"risk_level": "高",
						"fraud_type": "异常行为",
						"value": "370404199006301915"
					}, {
						"evidence_time": "1434961040000",
						"risk_level": "高",
						"fraud_type": "电信欺诈",
						"value": "370404199006301915"
					}, {
						"evidence_time": "1434961040000",
						"risk_level": "高",
						"fraud_type": "法院结案",
						"value": "370404199006301915"
					}, {
						"evidence_time": "1434961040000",
						"risk_level": "高",
						"fraud_type": "助学贷款欠费",
						"value": "370404199006301915"
					}, {
						"evidence_time": "1434961040000",
						"risk_level": "高",
						"value": "370404199006301915"
					}, {
						"evidence_time": "1434961040000",
						"risk_level": "高",
						"fraud_type": "异常注册",
						"value": "370404199006301915"
					}, {
						"evidence_time": "1434961040000",
						"risk_level": "高",
						"fraud_type": "故意违章乘车",
						"value": "370404199006301915"
					}],
					"description": "身份证命中高风险关注名单",
					"type": "grey_list"
				}
			}, {
				"rule_id": "2666783",
				"score": 70.0,
				"rule_uuid": "fd9fa9afa95145f1a90e80bc2986f585",
				"risk_id": 8,
				"risk_name": "身份证命中车辆租赁违约名单",
				"risk_detail": {
					"hit_type_displayname": "借款人身份证",
					"description": "身份证命中车辆租赁违约名单",
					"black_list_details": [{
						"hitUuid": "1000008947890",
						"fraudType": "carRental",
						"value": "370404199006301915",
						"fraudTypeDisplayName": "汽车租赁违约"
					}, {
						"hitUuid": "1000007869946",
						"fraudType": "carRental",
						"value": "370404199006301915",
						"fraudTypeDisplayName": "汽车租赁违约"
					}],
					"type": "black_list"
				}
			}, {
				"rule_id": "2666785",
				"score": 40.0,
				"rule_uuid": "542777816b884ef0a794e9e44edd849a",
				"risk_id": 9,
				"risk_name": "身份证命中法院结案名单",
				"risk_detail": {
					"hit_type_displayname": "借款人身份证",
					"description": "身份证命中法院结案名单",
					"black_list_details": [{
						"caseCode": "(2010)榆执字第0121234号",
						"executeCourt": "运城市人民法院",
						"caseDate": "2010年1月4日",
						"gender": "男",
						"termDuty": "被告于本判决生效后10日内偿还原告借款10000元并支付相应利息",
						"carryOut": "全部未履行",
						"fraudType": "courtClose",
						"specificCircumstances": "其他有履行能力而拒不履行生效法律文书确定义务",
						"executedName": "皮晴晴",
						"evidenceCourt": "运城市人民法院",
						"hitUuid": "93087653121442793",
						"province": "山西",
						"executeCode": "(2017)榆民二初字第112号民事判决书",
						"value": "370404199006301915",
						"age": "27",
						"fraudTypeDisplayName": "法院结案"
					}, {
						"caseCode": "(2010)榆执字第0121233号",
						"executeCourt": "晋中市榆次区人民法院",
						"caseDate": "2010年1月4日",
						"gender": "男",
						"termDuty": "被告于本判决生效后10日内偿还原告借款10000元并支付相应利息",
						"carryOut": "全部未履行",
						"fraudType": "courtClose",
						"specificCircumstances": "其他有履行能力而拒不履行生效法律文书确定义务",
						"executedName": "皮晴晴",
						"evidenceCourt": "晋中市榆次区人民法院",
						"hitUuid": "93087652576187369",
						"province": "山西",
						"executeCode": "(2017)榆民二初字第112号民事判决书",
						"value": "370404199006301915",
						"age": "27",
						"fraudTypeDisplayName": "法院结案"
					}, {
						"hitUuid": "1000012540956",
						"fraudType": "courtClose",
						"value": "370404199006301915",
						"fraudTypeDisplayName": "法院结案"
					}, {
						"hitUuid": "1000026399361",
						"fraudType": "courtClose",
						"value": "370404199006301915",
						"fraudTypeDisplayName": "法院结案"
					}],
					"type": "black_list"
				}
			}, {
				"rule_id": "2666787",
				"score": 40.0,
				"rule_uuid": "fc889d6c113d47659a6f838171194414",
				"risk_id": 10,
				"risk_name": "身份证_姓名命中信贷逾期模糊名单",
				"risk_detail": {
					"fuzzy_black_list_details": [{
						"fuzzyIdNumber": "3704041990****1915",
						"fuzzyName": "皮晴晴",
						"fraudType": "creditCrack",
						"fraudTypeDisplayName": "信贷逾期名单"
					}],
					"description": "身份证_姓名命中信贷逾期模糊名单",
					"type": "fuzzy_black_list"
				}
			}, {
				"rule_id": "2666789",
				"score": 40.0,
				"rule_uuid": "a6c8ee4e1828499c9ca9073e96835ed7",
				"risk_id": 11,
				"risk_name": "身份证_姓名命中法院失信模糊名单",
				"risk_detail": {
					"fuzzy_black_list_details": [{
						"fuzzyIdNumber": "3704041990****1915",
						"fuzzyName": "皮晴晴",
						"fraudType": "court",
						"fraudTypeDisplayName": "法院失信"
					}],
					"description": "身份证_姓名命中法院失信模糊名单",
					"type": "fuzzy_black_list"
				}
			}, {
				"rule_id": "2666791",
				"score": 40.0,
				"rule_uuid": "0b58b74eb14d49ffb36131e6b77a18be",
				"risk_id": 12,
				"risk_name": "身份证_姓名命中法院执行模糊名单",
				"risk_detail": {
					"fuzzy_black_list_details": [{
						"fuzzyIdNumber": "3704041990****1915",
						"fuzzyName": "皮晴晴",
						"fraudType": "courtZhixing",
						"fraudTypeDisplayName": "法院执行"
					}],
					"description": "身份证_姓名命中法院执行模糊名单",
					"type": "fuzzy_black_list"
				}
			}, {
				"rule_id": "2666793",
				"score": 30.0,
				"rule_uuid": "399054b9570a49bba45be2784d5cc9a2",
				"risk_id": 13,
				"risk_name": "身份证_姓名命中法院结案模糊名单",
				"risk_detail": {
					"fuzzy_black_list_details": [{
						"fuzzyIdNumber": "3704041990****1915",
						"fuzzyName": "皮晴晴",
						"fraudType": "courtClose",
						"fraudTypeDisplayName": "法院结案"
					}],
					"description": "身份证_姓名命中法院结案模糊名单",
					"type": "fuzzy_black_list"
				}
			}, {
				"rule_id": "2666795",
				"score": 80.0,
				"rule_uuid": "71d694c88be94da4a90c686ec5b681a6",
				"risk_id": 14,
				"risk_name": "身份证命中欠款公司法人代表名单",
				"risk_detail": {
					"hit_type_displayname": "借款人身份证",
					"description": "身份证命中欠款公司法人代表名单",
					"black_list_details": [{
						"hitUuid": "1000027584641",
						"fraudType": "companyCreditCrack",
						"value": "370404199006301915",
						"fraudTypeDisplayName": "欠款公司法人代表"
					}, {
						"hitUuid": "1000008947896",
						"fraudType": "companyCreditCrack",
						"value": "370404199006301915",
						"fraudTypeDisplayName": "欠款公司法人代表"
					}],
					"type": "black_list"
				}
			}, {
				"rule_id": "2666797",
				"score": 20.0,
				"rule_uuid": "44b44ac4d53541cc8094a5b3a4dcc770",
				"risk_id": 15,
				"risk_name": "身份证命中故意违章乘车名单",
				"risk_detail": {
					"hit_type_displayname": "借款人身份证",
					"description": "身份证命中故意违章乘车名单",
					"black_list_details": [{
						"hitUuid": "1000027584635",
						"fraudType": "travelCreditCrack",
						"value": "370404199006301915",
						"fraudTypeDisplayName": "故意违章乘车"
					}, {
						"hitUuid": "1000007869958",
						"fraudType": "travelCreditCrack",
						"value": "370404199006301915",
						"fraudTypeDisplayName": "故意违章乘车"
					}],
					"type": "black_list"
				}
			}, {
				"rule_id": "2666799",
				"score": 60.0,
				"rule_uuid": "d55f7693c06d4c6ca36ece04b83b4d88",
				"risk_id": 16,
				"risk_name": "身份证命中欠税名单",
				"risk_detail": {
					"hit_type_displayname": "借款人身份证",
					"description": "身份证命中欠税名单",
					"black_list_details": [{
						"hitUuid": "107514423153062889",
						"fraudType": "taxOwing",
						"value": "370404199006301915",
						"fraudTypeDisplayName": "欠税"
					}],
					"type": "black_list"
				}
			}, {
				"rule_id": "2666801",
				"score": 60.0,
				"rule_uuid": "6eb068f0d98d4ab39d9d3f6178e2341f",
				"risk_id": 17,
				"risk_name": "身份证命中欠税公司法人代表名单",
				"risk_detail": {
					"hit_type_displayname": "借款人身份证",
					"description": "身份证命中欠税公司法人代表名单",
					"black_list_details": [{
						"hitUuid": "1000007869960",
						"fraudType": "companyTaxOwing",
						"value": "370404199006301915",
						"fraudTypeDisplayName": "欠税公司法人代表"
					}, {
						"hitUuid": "1000027584633",
						"fraudType": "companyTaxOwing",
						"value": "370404199006301915",
						"fraudTypeDisplayName": "欠税公司法人代表"
					}, {
						"hitUuid": "1000027584639",
						"fraudType": "companyTaxOwing",
						"value": "370404199006301915",
						"fraudTypeDisplayName": "欠税公司法人代表"
					}],
					"type": "black_list"
				}
			}, {
				"rule_id": "2666803",
				"score": 30.0,
				"rule_uuid": "198bf6ef05414a1ead4683fb21a7a55e",
				"risk_id": 18,
				"risk_name": "身份证命中信贷逾期后还款名单",
				"risk_detail": {
					"hit_type_displayname": "借款人身份证",
					"description": "身份证命中信贷逾期后还款名单",
					"black_list_details": [{
						"hitUuid": "1000014031654",
						"fraudType": "discreditRepay",
						"value": "370404199006301915",
						"fraudTypeDisplayName": "信贷逾期后还款"
					}, {
						"hitUuid": "1000008951044",
						"fraudType": "discreditRepay",
						"value": "370404199006301915",
						"fraudTypeDisplayName": "信贷逾期后还款"
					}, {
						"hitUuid": "1000022641479",
						"fraudType": "discreditRepay",
						"value": "370404199006301915",
						"fraudTypeDisplayName": "信贷逾期后还款"
					}],
					"type": "black_list"
				}
			}, {
				"rule_id": "2666813",
				"score": 30.0,
				"rule_uuid": "1012a166d26a4857b29563de8eea649b",
				"risk_id": 19,
				"risk_name": "手机号命中虚假号码库",
				"risk_detail": {
					"hit_type_displayname": "借款人手机",
					"description": "手机号命中虚假号码库",
					"black_list_details": [{
						"hitUuid": "1000008947868",
						"fraudType": "fakeMobile",
						"value": "13333333333",
						"fraudTypeDisplayName": "虚假号码"
					}, {
						"hitUuid": "113228622290293737",
						"fraudType": "fakeMobile",
						"value": "13333333333",
						"fraudTypeDisplayName": "虚假号码"
					}],
					"type": "black_list"
				}
			}, {
				"rule_id": "2666815",
				"score": 30.0,
				"rule_uuid": "0676c8b9267d4f6a805f90d91aa26b0f",
				"risk_id": 20,
				"risk_name": "手机号命中通信小号库",
				"risk_detail": {
					"hit_type_displayname": "借款人手机",
					"description": "手机号命中通信小号库",
					"black_list_details": [{
						"hitUuid": "135691885238096873",
						"fraudType": "aliMobile",
						"value": "13333333333",
						"fraudTypeDisplayName": "通信小号"
					}, {
						"hitUuid": "113227752278397929",
						"fraudType": "aliMobile",
						"value": "13333333333",
						"fraudTypeDisplayName": "通信小号"
					}],
					"type": "black_list"
				}
			}, {
				"rule_id": "2666817",
				"score": 30.0,
				"rule_uuid": "53913d799a3a410aa8256cb3388b2a46",
				"risk_id": 21,
				"risk_name": "手机号命中诈骗骚扰库",
				"risk_detail": {
					"hit_type_displayname": "借款人手机",
					"description": "手机号命中诈骗骚扰库",
					"black_list_details": [{
						"hitUuid": "1000008947860",
						"fraudType": "FraudHarass",
						"value": "13333333333",
						"fraudTypeDisplayName": "举报欺诈"
					}],
					"type": "black_list"
				}
			}, {
				"rule_id": "2666819",
				"score": 30.0,
				"rule_uuid": "52e758447bc94ce59aa0b92e913d91ab",
				"risk_id": 22,
				"risk_name": "手机号命中高风险关注名单",
				"risk_detail": {
					"hit_type_displayname": "借款人手机",
					"grey_list_details": [{
						"evidence_time": "1430740200000",
						"risk_level": "高",
						"fraud_type": "法院执行",
						"value": "13333333333"
					}, {
						"evidence_time": "1422892800000",
						"risk_level": "高",
						"fraud_type": "法院失信",
						"value": "13333333333"
					}, {
						"evidence_time": "1450633523000",
						"risk_level": "高",
						"fraud_type": "法院结案",
						"value": "13333333333"
					}],
					"description": "手机号命中低风险关注名单",
					"type": "grey_list"
				}
			}, {
				"rule_id": "2666821",
				"score": 75.0,
				"rule_uuid": "782f7503739f40c8928f0c476c5e25aa",
				"risk_id": 23,
				"risk_name": "手机号命中信贷逾期名单",
				"risk_detail": {
					"discredit_times": 4,
					"overdue_details": [{
						"overdue_time": "2017-02",
						"overdue_amount_range": "(10000, 50000]",
						"overdue_day_range": "(90, 180]",
						"overdue_count": 4
					}, {
						"overdue_time": "2017-06",
						"overdue_amount_range": "(10000, 50000]",
						"overdue_day_range": "(0, 30]",
						"overdue_count": 1
					}, {
						"overdue_time": "2016-03",
						"overdue_amount_range": "(10000, 50000]",
						"overdue_day_range": "(90, 180]",
						"overdue_count": 4
					}, {
						"overdue_time": "2017-02",
						"overdue_amount_range": "(10000, 50000]",
						"overdue_day_range": "(90, 180]",
						"overdue_count": 4
					}],
					"type": "discredit_count"
				}
			}, {
				"rule_id": "2666823",
				"score": 30.0,
				"rule_uuid": "45092f9efe1547fc94b1d618d3c0ebf2",
				"risk_id": 24,
				"risk_name": "手机号命中车辆租赁违约名单",
				"risk_detail": {
					"hit_type_displayname": "借款人手机",
					"description": "手机号命中车辆租赁违约名单",
					"black_list_details": [{
						"hitUuid": "1000026399359",
						"fraudType": "carRental",
						"value": "13333333333",
						"fraudTypeDisplayName": "汽车租赁违约"
					}],
					"type": "black_list"
				}
			}, {
				"rule_id": "2666825",
				"score": 30.0,
				"rule_uuid": "d3cdaf8d0a96414aabdd91956dfcfa26",
				"risk_id": 25,
				"risk_name": "手机号疑似乱填"
			}, {
				"rule_id": "2666827",
				"score": 80.0,
				"rule_uuid": "6294764de8f442f3840b3d07cf148a3c",
				"risk_id": 26,
				"risk_name": "手机号命中欠款公司法人代表名单",
				"risk_detail": {
					"hit_type_displayname": "借款人手机",
					"description": "手机号命中欠款公司法人代表名单",
					"black_list_details": [{
						"hitUuid": "1000027584643",
						"fraudType": "companyCreditCrack",
						"value": "13333333333",
						"fraudTypeDisplayName": "欠款公司法人代表"
					}, {
						"hitUuid": "1000008947898",
						"fraudType": "companyCreditCrack",
						"value": "13333333333",
						"fraudTypeDisplayName": "欠款公司法人代表"
					}],
					"type": "black_list"
				}
			}, {
				"rule_id": "2666829",
				"score": 20.0,
				"rule_uuid": "4e486a2446f8440c9391c4c1161f367d",
				"risk_id": 27,
				"risk_name": "手机号命中信贷逾期后还款名单",
				"risk_detail": {
					"hit_type_displayname": "借款人手机",
					"description": "手机号命中信贷逾期后还款名单",
					"black_list_details": [{
						"hitUuid": "1000013215344",
						"fraudType": "discreditRepay",
						"value": "13333333333",
						"fraudTypeDisplayName": "信贷逾期后还款"
					}, {
						"hitUuid": "1000014031658",
						"fraudType": "discreditRepay",
						"value": "13333333333",
						"fraudTypeDisplayName": "信贷逾期后还款"
					}],
					"type": "black_list"
				}
			}, {
				"rule_id": "2666897",
				"score": 30.0,
				"rule_uuid": "22c39b6dca1d4eed9799229a19455388",
				"risk_id": 28,
				"risk_name": "3个月内身份证关联多个申请信息",
				"risk_detail": {
					"frequency_distinct_details": [{
						"result": 14.0,
						"data": ["13333333333", "159※※※※8173", "130※※※※0000", "138※※※※8298", "138※※※※8888", "159※※※※8711", "131※※※※6688", "136※※※※3497", "131※※※※0001", "133※※※※3334", "1※※※3", "185※※※※3157", "147※※※※9001", "130※※※※0001"],
						"description": "3个月身份证关联手机号数"
					}, {
						"result": 5.0,
						"data": ["lan※※168@126.com", "244※※※239@126.com", "893※※※741@qq.com", "1※@qq.com", "2※2@qq.com"],
						"description": "3个月身份证关联邮箱数"
					}],
					"type": "frequency_distinct"
				}
			}, {
				"rule_id": "2666903",
				"score": 30.0,
				"rule_uuid": "1176fd41db994abf903ebc782c560fa9",
				"risk_id": 29,
				"risk_name": "3个月内申请信息关联多个身份证",
				"risk_detail": {
					"frequency_distinct_details": [{
						"result": 12.0,
						"data": ["370404199006301915", "3704※※※※※※※※※※1000", "3301※※※※※※※※※※1414", "3704※※※※※※※※※※1917", "3801※※※※※※※※※※9996", "3301※※※※※※※※※※9996", "3203※※※※※※※※※※9147", "1304※※※※※※※※※※6519", "370※※※※※※※※915", "3303※※※※※※※※※※512x", "3309※※※※※※※※※※0020", "3303※※※※※※※※※※0311"],
						"description": "3个月手机号关联身份证数"
					}],
					"type": "frequency_distinct"
				}
			}, {
				"rule_id": "2666907",
				"score": 10.0,
				"rule_uuid": "7363733a5c6a489fa368965ad64d69e9",
				"risk_id": 30,
				"risk_name": "3个月内申请人身份证作为联系人身份证出现的次数过多"
			}, {
				"rule_id": "2666909",
				"score": 10.0,
				"rule_uuid": "38b83ab209d94f0ea8de62fcad03ccb2",
				"risk_id": 31,
				"risk_name": "3个月内申请人手机号作为联系人手机号出现的次数过多"
			}, {
				"rule_id": "2666921",
				"score": 5.0,
				"rule_uuid": "4c801eb32f6f44c49a3d748f1877d684",
				"risk_id": 32,
				"risk_name": "7天内设备或身份证或手机号申请次数过多",
				"risk_detail": {
					"result": 3.0,
					"type": "frequency_one_dim"
				}
			}, {
				"rule_id": "2666931",
				"score": 25.0,
				"rule_uuid": "9216b87a7e30442aa09a0d57b7f6a3ab",
				"risk_id": 33,
				"risk_name": "7天内身份证使用过多设备进行申请",
				"risk_detail": {
					"frequency_distinct_details": [{
						"result": 8.0,
						"data": ["abdd※※※※※※※※※※※※※※※※※※※※※※※※※※※※※※※※※※※※9fd3", "f0a2※※※※※※※※※※※※※※※※※※※※※※※※※※※※※※※※※※※※8274", "915c※※※※※※※※※※※※※※※※※※※※※※※※※※※※※※※※※※※※0130", "4c78※※※※※※※※※※※※※※※※※※※※※※※※※※※※※※※※※※※※543c", "e1a3※※※※※※※※※※※※※※※※※※※※※※※※※※※※※※※※※※※※91a2", "8baa※※※※※※※※※※※※※※※※※※※※※※※※※※※※※※※※※※※※c07e", "0c1a※※※※※※※※※※※※※※※※※※※※※※※※※※※※※※※※※※※※ed73", "60e6※※※※※※※※※※※※※※※※※※※※※※※※※※※※※※※※※※※※3fbc"],
						"description": "7天内身份证关联设备数"
					}, {
						"result": 2.0,
						"data": ["0c1a※※※※※※※※※※※※※※※※※※※※※※※※※※※※※※※※※※※※ed73", "60e6※※※※※※※※※※※※※※※※※※※※※※※※※※※※※※※※※※※※3fbc"],
						"description": "1天内身份证关联设备数"
					}],
					"type": "frequency_distinct"
				}
			}, {
				"rule_id": "2666959",
				"score": 30.0,
				"rule_uuid": "25bb4a93324d4cc4a458018b39caeb05",
				"risk_id": 34,
				"risk_name": "7天内申请人在多个平台申请借款",
				"risk_detail": {
					"association_partner_details": [{
						"industryDisplayName": "厂商汽车金融",
						"count": 1
					}, {
						"industryDisplayName": "一般消费分期平台",
						"count": 7
					}, {
						"industryDisplayName": "互联网金融门户",
						"count": 3
					}, {
						"industryDisplayName": "融资租赁",
						"count": 3
					}, {
						"industryDisplayName": "银行消费金融公司",
						"count": 5
					}, {
						"industryDisplayName": "小额贷款公司",
						"count": 22
					}, {
						"industryDisplayName": "综合类电商平台",
						"count": 1
					}, {
						"industryDisplayName": "大型消费金融公司",
						"count": 3
					}, {
						"industryDisplayName": "信用卡中心",
						"count": 5
					}, {
						"industryDisplayName": "网上银行",
						"count": 7
					}, {
						"industryDisplayName": "P2P网贷",
						"count": 15
					}, {
						"industryDisplayName": "银行小微贷款",
						"count": 4
					}, {
						"industryDisplayName": "银行个人业务",
						"count": 3
					}, {
						"industryDisplayName": "财产保险",
						"count": 2
					}, {
						"industryDisplayName": "O2O",
						"count": 1
					}, {
						"industryDisplayName": "汽车租赁",
						"count": 1
					}, {
						"industryDisplayName": "大数据金融",
						"count": 1
					}],
					"association_partner_count": 84,
					"type": "association_partner"
				}
			}, {
				"rule_id": "2666961",
				"score": 0.0,
				"rule_uuid": "20700fa5a4c24f17a3386959e37856b5",
				"risk_id": 35,
				"risk_name": "1个月内申请人在多个平台申请借款",
				"risk_detail": {
					"association_partner_details": [{
						"industryDisplayName": "厂商汽车金融",
						"count": 1
					}, {
						"industryDisplayName": "一般消费分期平台",
						"count": 7
					}, {
						"industryDisplayName": "互联网金融门户",
						"count": 3
					}, {
						"industryDisplayName": "融资租赁",
						"count": 3
					}, {
						"industryDisplayName": "银行消费金融公司",
						"count": 5
					}, {
						"industryDisplayName": "小额贷款公司",
						"count": 22
					}, {
						"industryDisplayName": "综合类电商平台",
						"count": 1
					}, {
						"industryDisplayName": "大型消费金融公司",
						"count": 3
					}, {
						"industryDisplayName": "信用卡中心",
						"count": 5
					}, {
						"industryDisplayName": "网上银行",
						"count": 7
					}, {
						"industryDisplayName": "P2P网贷",
						"count": 15
					}, {
						"industryDisplayName": "银行小微贷款",
						"count": 4
					}, {
						"industryDisplayName": "银行个人业务",
						"count": 3
					}, {
						"industryDisplayName": "财产保险",
						"count": 2
					}, {
						"industryDisplayName": "O2O",
						"count": 1
					}, {
						"industryDisplayName": "汽车租赁",
						"count": 1
					}, {
						"industryDisplayName": "大数据金融",
						"count": 1
					}],
					"association_partner_count": 84,
					"type": "association_partner"
				}
			}, {
				"rule_id": "2666963",
				"score": 0.0,
				"rule_uuid": "b2828c17cb3d47fd8bc22afb8b963a5a",
				"risk_id": 36,
				"risk_name": "3个月内申请人在多个平台申请借款",
				"risk_detail": {
					"association_partner_details": [{
						"industryDisplayName": "厂商汽车金融",
						"count": 1
					}, {
						"industryDisplayName": "一般消费分期平台",
						"count": 7
					}, {
						"industryDisplayName": "互联网金融门户",
						"count": 3
					}, {
						"industryDisplayName": "融资租赁",
						"count": 3
					}, {
						"industryDisplayName": "银行消费金融公司",
						"count": 5
					}, {
						"industryDisplayName": "小额贷款公司",
						"count": 22
					}, {
						"industryDisplayName": "综合类电商平台",
						"count": 1
					}, {
						"industryDisplayName": "大型消费金融公司",
						"count": 3
					}, {
						"industryDisplayName": "信用卡中心",
						"count": 5
					}, {
						"industryDisplayName": "网上银行",
						"count": 7
					}, {
						"industryDisplayName": "P2P网贷",
						"count": 15
					}, {
						"industryDisplayName": "银行小微贷款",
						"count": 4
					}, {
						"industryDisplayName": "银行个人业务",
						"count": 3
					}, {
						"industryDisplayName": "财产保险",
						"count": 2
					}, {
						"industryDisplayName": "O2O",
						"count": 1
					}, {
						"industryDisplayName": "汽车租赁",
						"count": 1
					}, {
						"industryDisplayName": "大数据金融",
						"count": 1
					}],
					"association_partner_count": 84,
					"type": "association_partner"
				}
			}, {
				"rule_id": "2666965",
				"score": 6.0,
				"rule_uuid": "36e78d72dbcd489da3670024fc3f2416",
				"risk_id": 37,
				"risk_name": "3个月内申请人在多个平台被放款_不包含本合作方",
				"risk_detail": {
					"association_partner_details": [{
						"industryDisplayName": "直销银行",
						"count": 1
					}, {
						"industryDisplayName": "P2P网贷",
						"count": 2
					}],
					"association_partner_count": 3,
					"type": "association_partner"
				}
			}, {
				"rule_id": "2667089",
				"score": 5.0,
				"rule_uuid": "09a24974d59a408587ca4b67fbc22ecc",
				"risk_id": 38,
				"risk_name": "申请人信息命中中风险关注名单",
				"risk_detail": {
					"hit_type_displayname": "借款人手机",
					"grey_list_details": [{
						"evidence_time": "1505964241000",
						"risk_level": "中",
						"fraud_type": "信用异常",
						"value": "13333333333"
					}],
					"description": "邮箱命中中风险关注名单",
					"type": "grey_list"
				}
			}, {
				"rule_id": "2667091",
				"score": 2.0,
				"rule_uuid": "58e3319d176f4344a3ebe94e9b704a65",
				"risk_id": 39,
				"risk_name": "申请人信息命中低风险关注名单",
				"risk_detail": {
					"hit_type_displayname": "借款人手机",
					"grey_list_details": [{
						"evidence_time": "1434961040000",
						"risk_level": "低",
						"fraud_type": "机构代办",
						"value": "13333333333"
					}, {
						"evidence_time": "1434961040000",
						"risk_level": "低",
						"fraud_type": "异常借款",
						"value": "13333333333"
					}],
					"description": "邮箱命中低风险关注名单",
					"type": "grey_list"
				}
			}, {
				"rule_id": "2666899",
				"score": 50.0,
				"rule_uuid": "2db0efa756014937a740b1896c95f53d",
				"risk_id": 40,
				"risk_name": "1个月内同一个手机号码申请被拒次数大于等于4"
			}],
			"decision": "REJECT"
		}
	}
}